{"cameraMode":{"drawMode":0,"name":"Shaded","section":"Shading Mode"},"sceneLighting":false,"audioPlay":false,"sceneViewState":{"showFog":true,"showMaterialUpdate":false,"showSkybox":true,"showFlares":true,"showImageEffects":true,"showParticleSystems":true},"in2DMode":false,"pivot":{"x":-0.5667877197265625,"y":0.734499990940094,"z":0.3882000148296356},"rotation":{"x":-0.006759084761142731,"y":-0.9903863072395325,"z":0.0523507222533226,"w":-0.12786179780960084},"size":0.11699692159891129,"orthographic":false}