{"cameraMode":{"drawMode":0,"name":"Shaded","section":"Shading Mode"},"sceneLighting":false,"audioPlay":false,"sceneViewState":{"showFog":true,"showMaterialUpdate":false,"showSkybox":true,"showFlares":true,"showImageEffects":true,"showParticleSystems":true},"in2DMode":false,"pivot":{"x":-2.5980000495910646,"y":0.08460524678230286,"z":0.0},"rotation":{"x":0.009865929372608662,"y":0.9672154188156128,"z":-0.2508995532989502,"w":0.03803230822086334},"size":0.44521379470825198,"orthographic":false}