{"cameraMode":{"drawMode":0,"name":"Shaded","section":"Shading Mode"},"sceneLighting":false,"audioPlay":false,"sceneViewState":{"showFog":true,"showMaterialUpdate":false,"showSkybox":true,"showFlares":true,"showImageEffects":true,"showParticleSystems":true},"in2DMode":false,"pivot":{"x":-2.4149999618530275,"y":0.0,"z":-1.9500000476837159},"rotation":{"x":-0.2533814311027527,"y":0.33190035820007326,"z":-0.09304126352071762,"w":-0.9038712978363037},"size":10.243152618408204,"orthographic":false}