{"cameraMode":{"drawMode":0,"name":"Shaded","section":"Shading Mode"},"sceneLighting":false,"audioPlay":false,"sceneViewState":{"showFog":true,"showMaterialUpdate":false,"showSkybox":true,"showFlares":true,"showImageEffects":true,"showParticleSystems":true},"in2DMode":false,"pivot":{"x":-0.5870000123977661,"y":0.04490000009536743,"z":-0.1469999998807907},"rotation":{"x":-0.2568190097808838,"y":0.02376926876604557,"z":-0.006318310741335154,"w":-0.9661465287208557},"size":0.14289416372776032,"orthographic":false}