{"cameraMode":{"drawMode":0,"name":"Shaded","section":"Shading Mode"},"sceneLighting":false,"audioPlay":false,"sceneViewState":{"showFog":true,"showMaterialUpdate":false,"showSkybox":true,"showFlares":true,"showImageEffects":true,"showParticleSystems":true},"in2DMode":false,"pivot":{"x":-0.8299999237060547,"y":0.6865043044090271,"z":0.09999990463256836},"rotation":{"x":-0.18926669657230378,"y":0.6166526675224304,"z":-0.15602219104766847,"w":-0.7480472326278687},"size":18.804580688476564,"orthographic":false}