{"cameraMode":{"drawMode":0,"name":"Shaded","section":"Shading Mode"},"sceneLighting":false,"audioPlay":false,"sceneViewState":{"showFog":true,"showMaterialUpdate":false,"showSkybox":true,"showFlares":true,"showImageEffects":true,"showParticleSystems":true},"in2DMode":false,"pivot":{"x":0.0,"y":0.03299999609589577,"z":0.21899999678134919},"rotation":{"x":-0.3104785084724426,"y":-0.6867549419403076,"z":0.4260898530483246,"w":-0.5004181265830994},"size":0.5715767741203308,"orthographic":false}