{"cameraMode":{"drawMode":0,"name":"Shaded","section":"Shading Mode"},"sceneLighting":false,"audioPlay":false,"sceneViewState":{"showFog":true,"showMaterialUpdate":false,"showSkybox":true,"showFlares":true,"showImageEffects":true,"showParticleSystems":true},"in2DMode":false,"pivot":{"x":-0.8299999237060547,"y":0.6865043044090271,"z":0.09999990463256836},"rotation":{"x":-0.2533814311027527,"y":0.33190035820007326,"z":-0.09304126352071762,"w":-0.9038712978363037},"size":18.804580688476564,"orthographic":false}