{"cameraMode":{"drawMode":0,"name":"Shaded","section":"Shading Mode"},"sceneLighting":true,"audioPlay":false,"sceneViewState":{"showFog":true,"showMaterialUpdate":false,"showSkybox":true,"showFlares":true,"showImageEffects":true,"showParticleSystems":true},"in2DMode":false,"pivot":{"x":-0.844499945640564,"y":0.9057087302207947,"z":0.026067592203617097},"rotation":{"x":-0.06136966869235039,"y":-0.9318969249725342,"z":0.3039836883544922,"w":-0.18813803791999818},"size":0.34729820489883425,"orthographic":false}