{"cameraMode":{"drawMode":0,"name":"Shaded","section":"Shading Mode"},"sceneLighting":false,"audioPlay":false,"sceneViewState":{"showFog":true,"showMaterialUpdate":false,"showSkybox":true,"showFlares":true,"showImageEffects":true,"showParticleSystems":true},"in2DMode":false,"pivot":{"x":2.697999954223633,"y":0.0401650071144104,"z":2.756999969482422},"rotation":{"x":-0.24747847020626069,"y":0.0731620341539383,"z":-0.018744276836514474,"w":-0.9659453630447388},"size":2.9214038848876955,"orthographic":false}