{"cameraMode":{"drawMode":0,"name":"Shaded","section":"Shading Mode"},"sceneLighting":false,"audioPlay":false,"sceneViewState":{"showFog":true,"showMaterialUpdate":false,"showSkybox":true,"showFlares":true,"showImageEffects":true,"showParticleSystems":true},"in2DMode":false,"pivot":{"x":0.0,"y":0.7599999904632568,"z":0.8479999899864197},"rotation":{"x":0.08150879293680191,"y":-0.88383948802948,"z":0.4289231598377228,"w":0.16795554757118226},"size":1.1431535482406617,"orthographic":false}