{"cameraMode":{"drawMode":0,"name":"Shaded","section":"Shading Mode"},"sceneLighting":false,"audioPlay":false,"sceneViewState":{"showFog":true,"showMaterialUpdate":false,"showSkybox":true,"showFlares":true,"showImageEffects":true,"showParticleSystems":true},"in2DMode":false,"pivot":{"x":-0.9399999380111694,"y":0.7839999794960022,"z":-0.9950000047683716},"rotation":{"x":-0.2854861915111542,"y":-0.6506215333938599,"z":0.28962135314941409,"w":-0.6413335800170898},"size":3.2715766429901125,"orthographic":false}