{"cameraMode":{"drawMode":0,"name":"Shaded","section":"Shading Mode"},"sceneLighting":false,"audioPlay":false,"sceneViewState":{"showFog":true,"showMaterialUpdate":false,"showSkybox":true,"showFlares":true,"showImageEffects":true,"showParticleSystems":true},"in2DMode":false,"pivot":{"x":-1.0841965675354005,"y":0.20598220825195313,"z":-0.5066523551940918},"rotation":{"x":0.04076864942908287,"y":0.9572468400001526,"z":-0.23152567446231843,"w":0.1685594916343689},"size":2.2578840255737306,"orthographic":false}